title,description,start_date,end_date,image
Event 1,This is description of event 1,01-01-2024,03-01-2024,event_images\January2024\image-1.jpg
Event 2,This is description of event 2,02-01-2024,04-01-2024,event_images\January2024\image-2.jpg
Event 3,This is description of event 3,03-01-2024,05-01-2024,event_images\January2024\image-3.jpg
Event 4,This is description of event 4,04-01-2024,06-01-2024,event_images\January2024\image-4.jpg
Event 5,This is description of event 5,05-01-2024,07-01-2024,event_images\January2024\image-5.jpg
Event 6,This is description of event 6,06-01-2024,08-01-2024,event_images\January2024\image-6.jpg
Event 7,This is description of event 7,07-01-2024,09-01-2024,event_images\January2024\image-7.jpg
Event 8,This is description of event 8,08-01-2024,10-01-2024,event_images\January2024\image-8.jpg
Event 9,This is description of event 9,09-01-2024,11-01-2024,event_images\January2024\image-9.jpg
Event 10,This is description of event 10,10-01-2024,12-01-2024,event_images\January2024\image-10.jpg
Event 11,This is description of event 11,11-01-2024,13-01-2024,event_images\January2024\image-11.jpg
Event 12,This is description of event 12,12-01-2024,14-01-2024,event_images\January2024\image-12.jpg
Event 13,This is description of event 13,13-01-2024,15-01-2024,event_images\January2024\image-13.jpg
Event 14,This is description of event 14,14-01-2024,16-01-2024,event_images\January2024\image-14.jpg
Event 15,This is description of event 15,15-01-2024,17-01-2024,event_images\January2024\image-15.jpg
Event 16,This is description of event 16,16-01-2024,18-01-2024,event_images\January2024\image-16.jpg
Event 17,This is description of event 17,17-01-2024,19-01-2024,event_images\January2024\image-17.jpg
Event 18,This is description of event 18,18-01-2024,20-01-2024,event_images\January2024\image-18.jpg
Event 19,This is description of event 19,19-01-2024,21-01-2024,event_images\January2024\image-19.jpg
Event 20,This is description of event 20,20-01-2024,22-01-2024,event_images\January2024\image-20.jpg
Event 21,This is description of event 21,21-01-2024,23-01-2024,event_images\January2024\image-21.jpg
Event 22,This is description of event 22,22-01-2024,24-01-2024,event_images\January2024\image-22.jpg
Event 23,This is description of event 23,23-01-2024,25-01-2024,event_images\January2024\image-23.jpg
Event 24,This is description of event 24,24-01-2024,26-01-2024,event_images\January2024\image-24.jpg
Event 25,This is description of event 25,25-01-2024,27-01-2024,event_images\January2024\image-25.jpg
Event 26,This is description of event 26,26-01-2024,28-01-2024,event_images\January2024\image-26.jpg
Event 27,This is description of event 27,27-01-2024,29-01-2024,event_images\January2024\image-27.jpg
Event 28,This is description of event 28,28-01-2024,30-01-2024,event_images\January2024\image-28.jpg
Event 29,This is description of event 29,29-01-2024,31-01-2024,event_images\January2024\image-29.jpg
Event 30,This is description of event 30,30-01-2024,01-02-2024,event_images\January2024\image-30.jpg
Event 31,This is description of event 31,31-01-2024,02-02-2024,event_images\January2024\image-31.jpg
Event 32,This is description of event 32,01-02-2024,03-02-2024,event_images\January2024\image-32.jpg
Event 33,This is description of event 33,02-02-2024,04-02-2024,event_images\January2024\image-33.jpg
Event 34,This is description of event 34,03-02-2024,05-02-2024,event_images\January2024\image-34.jpg
Event 35,This is description of event 35,04-02-2024,06-02-2024,event_images\January2024\image-35.jpg
Event 36,This is description of event 36,05-02-2024,07-02-2024,event_images\January2024\image-36.jpg
Event 37,This is description of event 37,06-02-2024,08-02-2024,event_images\January2024\image-37.jpg
Event 38,This is description of event 38,07-02-2024,09-02-2024,event_images\January2024\image-38.jpg
Event 39,This is description of event 39,08-02-2024,10-02-2024,event_images\January2024\image-39.jpg
Event 40,This is description of event 40,09-02-2024,11-02-2024,event_images\January2024\image-40.jpg
Event 41,This is description of event 41,10-02-2024,12-02-2024,event_images\January2024\image-1.jpg
Event 42,This is description of event 42,11-02-2024,13-02-2024,event_images\January2024\image-2.jpg
Event 43,This is description of event 43,12-02-2024,14-02-2024,event_images\January2024\image-3.jpg
Event 44,This is description of event 44,13-02-2024,15-02-2024,event_images\January2024\image-4.jpg
Event 45,This is description of event 45,14-02-2024,16-02-2024,event_images\January2024\image-5.jpg
Event 46,This is description of event 46,15-02-2024,17-02-2024,event_images\January2024\image-6.jpg
Event 47,This is description of event 47,16-02-2024,18-02-2024,event_images\January2024\image-7.jpg
Event 48,This is description of event 48,17-02-2024,19-02-2024,event_images\January2024\image-8.jpg
Event 49,This is description of event 49,18-02-2024,20-02-2024,event_images\January2024\image-9.jpg
Event 50,This is description of event 50,19-02-2024,21-02-2024,event_images\January2024\image-10.jpg
